ts,phase,amps_A,vbus_V,vshunt_V,amps_raw_A,sign_factor
1759598963.331,idle1,0.490200,5.152,-4.902000e-02,-0.490200,-1
1759598963.431,idle1,0.547800,5.144,-5.478000e-02,-0.547800,-1
1759598963.531,idle1,0.543800,5.144,-5.438000e-02,-0.543800,-1
1759598963.631,idle1,0.501900,5.152,-5.019000e-02,-0.501900,-1
1759598963.731,idle1,0.473900,5.156,-4.739000e-02,-0.473900,-1
1759598963.831,idle1,0.462600,5.156,-4.626000e-02,-0.462600,-1
1759598963.931,idle1,0.461800,5.156,-4.618000e-02,-0.461800,-1
1759598964.031,idle1,0.470800,5.156,-4.708000e-02,-0.470800,-1
1759598964.132,idle1,0.489100,5.152,-4.891000e-02,-0.489100,-1
1759598964.232,idle1,0.480900,5.152,-4.809000e-02,-0.480900,-1
1759598964.332,idle1,0.460600,5.152,-4.606000e-02,-0.460600,-1
1759598964.432,idle1,0.449600,5.160,-4.496000e-02,-0.449600,-1
1759598964.532,idle1,0.450000,5.156,-4.500000e-02,-0.450000,-1
1759598964.632,idle1,0.457500,5.160,-4.575000e-02,-0.457500,-1
1759598964.732,idle1,0.482500,5.156,-4.825000e-02,-0.482500,-1
1759598964.832,idle1,0.479500,5.152,-4.795000e-02,-0.479500,-1
1759598964.933,idle1,0.468700,5.152,-4.687000e-02,-0.468700,-1
1759598965.033,idle1,0.462000,5.152,-4.620000e-02,-0.462000,-1
1759598965.133,idle1,0.469800,5.156,-4.698000e-02,-0.469800,-1
1759598965.233,idle1,0.464300,5.160,-4.643000e-02,-0.464300,-1
1759598965.333,idle1,0.446800,5.160,-4.468000e-02,-0.446800,-1
1759598965.433,idle1,0.457500,5.160,-4.575000e-02,-0.457500,-1
1759598965.533,idle1,0.489400,5.148,-4.894000e-02,-0.489400,-1
1759598965.633,idle1,0.460600,5.156,-4.606000e-02,-0.460600,-1
1759598965.734,idle1,0.540200,5.136,-5.402000e-02,-0.540200,-1
1759598965.834,idle1,0.527300,5.144,-5.273000e-02,-0.527300,-1
1759598965.934,idle1,0.507100,5.148,-5.071000e-02,-0.507100,-1
1759598966.034,idle1,0.460000,5.152,-4.600000e-02,-0.460000,-1
1759598966.134,idle1,0.497800,5.156,-4.978000e-02,-0.497800,-1
1759598966.234,idle1,0.419400,5.160,-4.194000e-02,-0.419400,-1
1759598966.334,idle1,0.415300,5.168,-4.153000e-02,-0.415300,-1
1759598966.435,idle1,0.418200,5.164,-4.182000e-02,-0.418200,-1
1759598966.535,idle1,0.416500,5.164,-4.165000e-02,-0.416500,-1
1759598966.635,idle1,0.418300,5.160,-4.183000e-02,-0.418300,-1
1759598966.735,idle1,0.431500,5.160,-4.315000e-02,-0.431500,-1
1759598966.835,idle1,0.429900,5.164,-4.299000e-02,-0.429900,-1
1759598966.935,idle1,0.410900,5.168,-4.109000e-02,-0.410900,-1
1759598967.035,idle1,0.414400,5.168,-4.144000e-02,-0.414400,-1
1759598967.135,idle1,0.467300,5.160,-4.673000e-02,-0.467300,-1
1759598967.235,idle1,0.465500,5.156,-4.655000e-02,-0.465500,-1
1759598967.336,idle1,0.461400,5.156,-4.614000e-02,-0.461400,-1
1759598967.436,idle1,0.521700,5.148,-5.217000e-02,-0.521700,-1
1759598967.536,idle1,0.502000,5.152,-5.020000e-02,-0.502000,-1
1759598967.636,idle1,0.463800,5.156,-4.638000e-02,-0.463800,-1
1759598967.736,idle1,0.461100,5.164,-4.611000e-02,-0.461100,-1
1759598967.836,idle1,0.448000,5.160,-4.480000e-02,-0.448000,-1
1759598967.936,idle1,0.462500,5.156,-4.625000e-02,-0.462500,-1
1759598968.036,idle1,0.512200,5.144,-5.122000e-02,-0.512200,-1
1759598968.136,idle1,0.553800,5.148,-5.538000e-02,-0.553800,-1
1759598968.236,idle1,0.456900,5.156,-4.569000e-02,-0.456900,-1
1759598968.337,idle1,0.460100,5.156,-4.601000e-02,-0.460100,-1
1759598968.437,idle1,0.457000,5.156,-4.570000e-02,-0.457000,-1
1759598968.537,idle1,0.469100,5.160,-4.691000e-02,-0.469100,-1
1759598968.637,idle1,0.448100,5.156,-4.481000e-02,-0.448100,-1
1759598968.737,idle1,0.475800,5.152,-4.758000e-02,-0.475800,-1
1759598968.837,idle1,0.497000,5.156,-4.970000e-02,-0.497000,-1
1759598968.937,idle1,0.454700,5.160,-4.547000e-02,-0.454700,-1
1759598969.037,idle1,0.461400,5.160,-4.614000e-02,-0.461400,-1
1759598969.137,idle1,0.462000,5.156,-4.620000e-02,-0.462000,-1
1759598969.238,idle1,0.460800,5.160,-4.608000e-02,-0.460800,-1
1759598969.338,idle1,0.460400,5.156,-4.604000e-02,-0.460400,-1
1759598969.438,idle1,0.486600,5.156,-4.866000e-02,-0.486600,-1
1759598969.538,idle1,0.455800,5.156,-4.558000e-02,-0.455800,-1
1759598969.638,idle1,0.450400,5.160,-4.504000e-02,-0.450400,-1
1759598969.738,idle1,0.466500,5.156,-4.665000e-02,-0.466500,-1
1759598969.838,idle1,0.464000,5.156,-4.640000e-02,-0.464000,-1
1759598969.938,idle1,0.453500,5.156,-4.535000e-02,-0.453500,-1
1759598970.038,idle1,0.468200,5.152,-4.682000e-02,-0.468200,-1
1759598970.139,idle1,0.476000,5.156,-4.760000e-02,-0.476000,-1
1759598970.239,idle1,0.579100,5.140,-5.791000e-02,-0.579100,-1
1759598970.339,idle1,0.519000,5.152,-5.190000e-02,-0.519000,-1
1759598970.439,idle1,0.496100,5.152,-4.961000e-02,-0.496100,-1
1759598970.539,idle1,0.463700,5.156,-4.637000e-02,-0.463700,-1
1759598970.639,idle1,0.471800,5.156,-4.718000e-02,-0.471800,-1
1759598970.739,idle1,0.486900,5.152,-4.869000e-02,-0.486900,-1
1759598970.839,idle1,0.498500,5.156,-4.985000e-02,-0.498500,-1
1759598970.939,idle1,0.460600,5.160,-4.606000e-02,-0.460600,-1
1759598971.040,idle1,0.461300,5.156,-4.613000e-02,-0.461300,-1
1759598971.140,idle1,0.462900,5.156,-4.629000e-02,-0.462900,-1
1759598971.240,idle1,0.457800,5.160,-4.578000e-02,-0.457800,-1
1759598971.340,idle1,0.480800,5.152,-4.808000e-02,-0.480800,-1
1759598971.440,idle1,0.493500,5.152,-4.935000e-02,-0.493500,-1
1759598971.540,idle1,0.470000,5.156,-4.700000e-02,-0.470000,-1
1759598971.640,idle1,0.447700,5.160,-4.477000e-02,-0.447700,-1
1759598971.740,idle1,0.460200,5.156,-4.602000e-02,-0.460200,-1
1759598971.840,idle1,0.469000,5.152,-4.690000e-02,-0.469000,-1
1759598971.941,idle1,0.468600,5.156,-4.686000e-02,-0.468600,-1
1759598972.041,idle1,0.477700,5.152,-4.777000e-02,-0.477700,-1
1759598972.141,idle1,0.484900,5.156,-4.849000e-02,-0.484900,-1
1759598972.241,idle1,0.461800,5.156,-4.618000e-02,-0.461800,-1
1759598972.341,idle1,0.451800,5.156,-4.518000e-02,-0.451800,-1
1759598972.441,idle1,0.507800,5.148,-5.078000e-02,-0.507800,-1
1759598972.541,idle1,0.510700,5.144,-5.107000e-02,-0.510700,-1
1759598972.641,idle1,0.527900,5.144,-5.279000e-02,-0.527900,-1
1759598972.741,idle1,0.509800,5.144,-5.098000e-02,-0.509800,-1
1759598972.842,idle1,0.482100,5.156,-4.821000e-02,-0.482100,-1
1759598972.942,idle1,0.446400,5.164,-4.464000e-02,-0.446400,-1
1759598973.042,idle1,0.458200,5.156,-4.582000e-02,-0.458200,-1
1759598973.142,idle1,0.454500,5.160,-4.545000e-02,-0.454500,-1
1759598973.242,idle1,0.457700,5.160,-4.577000e-02,-0.457700,-1
1759598973.342,idle1,0.465200,5.156,-4.652000e-02,-0.465200,-1
1759598973.442,idle1,0.466400,5.156,-4.664000e-02,-0.466400,-1
1759598973.542,idle1,0.461600,5.160,-4.616000e-02,-0.461600,-1
1759598973.642,idle1,0.456500,5.156,-4.565000e-02,-0.456500,-1
1759598973.742,idle1,0.451000,5.160,-4.510000e-02,-0.451000,-1
1759598973.843,idle1,0.443200,5.164,-4.432000e-02,-0.443200,-1
1759598973.943,idle1,0.474100,5.160,-4.741000e-02,-0.474100,-1
1759598974.043,idle1,0.489600,5.152,-4.896000e-02,-0.489600,-1
1759598974.143,idle1,0.485100,5.156,-4.851000e-02,-0.485100,-1
1759598974.243,idle1,0.458900,5.160,-4.589000e-02,-0.458900,-1
1759598974.343,idle1,0.455600,5.160,-4.556000e-02,-0.455600,-1
1759598974.443,idle1,0.454000,5.160,-4.540000e-02,-0.454000,-1
1759598974.543,idle1,0.471900,5.160,-4.719000e-02,-0.471900,-1
1759598974.643,idle1,0.472300,5.156,-4.723000e-02,-0.472300,-1
1759598974.745,idle1,0.532700,5.140,-5.327000e-02,-0.532700,-1
1759598974.844,idle1,0.535500,5.148,-5.355000e-02,-0.535500,-1
1759598974.944,idle1,0.514900,5.152,-5.149000e-02,-0.514900,-1
1759598975.044,idle1,0.449500,5.160,-4.495000e-02,-0.449500,-1
1759598975.144,idle1,0.460000,5.156,-4.600000e-02,-0.460000,-1
1759598975.244,idle1,0.466200,5.156,-4.662000e-02,-0.466200,-1
1759598975.344,idle1,0.492100,5.152,-4.921000e-02,-0.492100,-1
1759598975.444,idle1,0.493700,5.152,-4.937000e-02,-0.493700,-1
1759598975.544,idle1,0.450700,5.160,-4.507000e-02,-0.450700,-1
1759598975.645,idle1,0.461900,5.160,-4.619000e-02,-0.461900,-1
1759598975.745,idle1,0.508000,5.148,-5.080000e-02,-0.508000,-1
1759598975.845,idle1,0.455800,5.156,-4.558000e-02,-0.455800,-1
1759598975.945,idle1,0.463200,5.156,-4.632000e-02,-0.463200,-1
1759598976.045,idle1,0.503100,5.148,-5.031000e-02,-0.503100,-1
1759598976.145,idle1,0.505800,5.148,-5.058000e-02,-0.505800,-1
1759598976.245,idle1,0.479600,5.156,-4.796000e-02,-0.479600,-1
1759598976.345,idle1,0.457700,5.156,-4.577000e-02,-0.457700,-1
1759598976.446,idle1,0.450400,5.160,-4.504000e-02,-0.450400,-1
1759598976.546,idle1,0.459000,5.156,-4.590000e-02,-0.459000,-1
1759598976.646,idle1,0.466100,5.160,-4.661000e-02,-0.466100,-1
1759598976.746,idle1,0.508200,5.144,-5.082000e-02,-0.508200,-1
1759598976.846,idle1,0.541500,5.152,-5.415000e-02,-0.541500,-1
1759598976.946,idle1,0.550800,5.140,-5.508000e-02,-0.550800,-1
1759598977.046,idle1,0.519700,5.148,-5.197000e-02,-0.519700,-1
1759598977.146,idle1,0.508400,5.152,-5.084000e-02,-0.508400,-1
1759598977.246,idle1,0.461200,5.156,-4.612000e-02,-0.461200,-1
1759598977.347,idle1,0.487600,5.152,-4.876000e-02,-0.487600,-1
1759598977.447,idle1,0.496400,5.148,-4.964000e-02,-0.496400,-1
1759598977.547,idle1,0.486900,5.160,-4.869000e-02,-0.486900,-1
1759598977.647,idle1,0.455100,5.156,-4.551000e-02,-0.455100,-1
1759598977.747,idle1,0.462500,5.160,-4.625000e-02,-0.462500,-1
1759598977.847,idle1,0.459600,5.156,-4.596000e-02,-0.459600,-1
1759598977.947,idle1,0.461000,5.160,-4.610000e-02,-0.461000,-1
1759598978.047,idle1,0.448900,5.156,-4.489000e-02,-0.448900,-1
1759598978.147,idle1,0.472500,5.152,-4.725000e-02,-0.472500,-1
1759598978.247,idle1,0.465700,5.160,-4.657000e-02,-0.465700,-1
1759598978.348,idle1,0.503700,5.144,-5.037000e-02,-0.503700,-1
1759598978.448,idle1,0.572500,5.140,-5.725000e-02,-0.572500,-1
1759598978.548,idle1,0.794900,5.124,-7.949000e-02,-0.794900,-1
1759598978.648,idle1,0.646700,5.128,-6.467000e-02,-0.646700,-1
1759598978.748,idle1,0.542200,5.144,-5.422000e-02,-0.542200,-1
1759598978.848,idle1,0.526600,5.152,-5.266000e-02,-0.526600,-1
1759598978.948,idle1,0.509900,5.156,-5.099000e-02,-0.509900,-1
1759598979.048,idle1,0.514200,5.148,-5.142000e-02,-0.514200,-1
1759598979.149,idle1,0.688200,5.140,-6.882000e-02,-0.688200,-1
1759598979.249,idle1,0.618500,5.136,-6.185000e-02,-0.618500,-1
1759598979.349,idle1,0.569900,5.140,-5.699000e-02,-0.569900,-1
1759598979.449,idle1,0.712600,5.096,-7.126000e-02,-0.712600,-1
1759598979.549,idle1,0.555000,5.144,-5.550000e-02,-0.555000,-1
1759598979.649,idle1,0.588000,5.128,-5.880000e-02,-0.588000,-1
1759598979.749,idle1,0.545300,5.144,-5.453000e-02,-0.545300,-1
1759598979.849,idle1,0.551900,5.152,-5.519000e-02,-0.551900,-1
1759598979.949,idle1,0.571700,5.144,-5.717000e-02,-0.571700,-1
1759598980.049,idle1,0.650300,5.128,-6.503000e-02,-0.650300,-1
1759598980.149,idle1,0.654300,5.108,-6.543000e-02,-0.654300,-1
1759598980.250,idle1,0.669800,5.120,-6.698000e-02,-0.669800,-1
1759598980.349,idle1,0.557200,5.144,-5.572000e-02,-0.557200,-1
1759598980.450,idle1,0.551100,5.144,-5.511000e-02,-0.551100,-1
1759598980.550,idle1,0.546200,5.140,-5.462000e-02,-0.546200,-1
1759598980.650,idle1,0.559300,5.140,-5.593000e-02,-0.559300,-1
1759598980.750,idle1,0.558500,5.136,-5.585000e-02,-0.558500,-1
1759598980.850,idle1,0.547700,5.144,-5.477000e-02,-0.547700,-1
1759598980.950,idle1,0.540900,5.148,-5.409000e-02,-0.540900,-1
1759598981.050,idle1,0.546800,5.144,-5.468000e-02,-0.546800,-1
1759598981.150,idle1,0.549100,5.148,-5.491000e-02,-0.549100,-1
1759598981.250,idle1,0.549000,5.144,-5.490000e-02,-0.549000,-1
1759598981.350,idle1,0.546400,5.148,-5.464000e-02,-0.546400,-1
1759598981.450,idle1,0.662500,5.112,-6.625000e-02,-0.662500,-1
1759598981.550,idle1,0.548100,5.148,-5.481000e-02,-0.548100,-1
1759598981.650,idle1,0.543300,5.148,-5.433000e-02,-0.543300,-1
1759598981.751,idle1,0.678100,5.120,-6.781000e-02,-0.678100,-1
1759598981.851,idle1,0.541100,5.144,-5.411000e-02,-0.541100,-1
1759598981.951,idle1,0.575000,5.144,-5.750000e-02,-0.575000,-1
1759598982.051,idle1,0.591800,5.140,-5.918000e-02,-0.591800,-1
1759598982.151,idle1,0.541600,5.144,-5.416000e-02,-0.541600,-1
1759598982.251,idle1,0.549400,5.144,-5.494000e-02,-0.549400,-1
1759598982.351,idle1,0.541600,5.140,-5.416000e-02,-0.541600,-1
1759598982.451,idle1,0.546000,5.152,-5.460000e-02,-0.546000,-1
1759598982.551,idle1,0.578900,5.144,-5.789000e-02,-0.578900,-1
1759598982.651,idle1,0.573700,5.140,-5.737000e-02,-0.573700,-1
1759598982.751,idle1,0.541600,5.140,-5.416000e-02,-0.541600,-1
1759598982.851,idle1,0.546500,5.144,-5.465000e-02,-0.546500,-1
1759598982.951,idle1,0.547200,5.148,-5.472000e-02,-0.547200,-1
1759598983.051,idle1,0.548000,5.144,-5.480000e-02,-0.548000,-1
1759598983.151,idle1,0.560200,5.148,-5.602000e-02,-0.560200,-1
1759598983.252,idle1,0.566700,5.136,-5.667000e-02,-0.566700,-1
1759598983.352,idle1,0.574500,5.144,-5.745000e-02,-0.574500,-1
1759598983.452,idle1,0.552500,5.148,-5.525000e-02,-0.552500,-1
1759598983.552,idle1,0.510300,5.152,-5.103000e-02,-0.510300,-1
1759598983.652,idle1,0.583300,5.136,-5.833000e-02,-0.583300,-1
1759598983.753,idle1,0.572000,5.136,-5.720000e-02,-0.572000,-1
1759598983.852,idle1,0.548400,5.140,-5.484000e-02,-0.548400,-1
1759598983.953,idle1,0.535900,5.140,-5.359000e-02,-0.535900,-1
1759598984.053,idle1,0.507100,5.156,-5.071000e-02,-0.507100,-1
1759598984.153,idle1,0.448300,5.160,-4.483000e-02,-0.448300,-1
1759598984.253,idle1,0.421200,5.168,-4.212000e-02,-0.421200,-1
1759598984.353,idle1,0.411200,5.168,-4.112000e-02,-0.411200,-1
1759598984.453,idle1,0.409300,5.168,-4.093000e-02,-0.409300,-1
1759598984.553,idle1,0.419600,5.164,-4.196000e-02,-0.419600,-1
1759598984.653,idle1,0.422100,5.160,-4.221000e-02,-0.422100,-1
1759598984.753,idle1,0.423800,5.164,-4.238000e-02,-0.423800,-1
1759598984.854,idle1,0.417300,5.168,-4.173000e-02,-0.417300,-1
1759598984.954,idle1,0.406100,5.164,-4.061000e-02,-0.406100,-1
1759598985.054,idle1,0.463500,5.156,-4.635000e-02,-0.463500,-1
1759598985.154,idle1,0.490300,5.152,-4.903000e-02,-0.490300,-1
1759598985.254,idle1,0.490300,5.152,-4.903000e-02,-0.490300,-1
1759598985.354,idle1,0.458300,5.152,-4.583000e-02,-0.458300,-1
1759598985.454,idle1,0.463800,5.156,-4.638000e-02,-0.463800,-1
1759598985.554,idle1,0.465400,5.160,-4.654000e-02,-0.465400,-1
1759598985.654,idle1,0.459000,5.160,-4.590000e-02,-0.459000,-1
1759598985.755,idle1,0.477000,5.160,-4.770000e-02,-0.477000,-1
1759598985.855,idle1,0.472800,5.152,-4.728000e-02,-0.472800,-1
1759598985.955,idle1,0.542700,5.140,-5.427000e-02,-0.542700,-1
1759598986.055,idle1,0.522200,5.144,-5.222000e-02,-0.522200,-1
1759598986.155,idle1,0.521000,5.148,-5.210000e-02,-0.521000,-1
1759598986.255,idle1,0.456200,5.160,-4.562000e-02,-0.456200,-1
1759598986.355,idle1,0.460100,5.156,-4.601000e-02,-0.460100,-1
1759598986.455,idle1,0.484300,5.156,-4.843000e-02,-0.484300,-1
1759598986.555,idle1,0.485300,5.156,-4.853000e-02,-0.485300,-1
1759598986.656,idle1,0.443700,5.152,-4.437000e-02,-0.443700,-1
1759598986.756,idle1,0.460900,5.156,-4.609000e-02,-0.460900,-1
1759598986.856,idle1,0.515100,5.152,-5.151000e-02,-0.515100,-1
1759598986.956,idle1,0.462900,5.156,-4.629000e-02,-0.462900,-1
1759598987.056,idle1,0.469900,5.156,-4.699000e-02,-0.469900,-1
1759598987.156,idle1,0.488500,5.152,-4.885000e-02,-0.488500,-1
1759598987.256,idle1,0.485600,5.152,-4.856000e-02,-0.485600,-1
1759598987.356,idle1,0.461700,5.156,-4.617000e-02,-0.461700,-1
1759598987.456,idle1,0.454000,5.156,-4.540000e-02,-0.454000,-1
1759598987.557,idle1,0.445700,5.160,-4.457000e-02,-0.445700,-1
1759598987.657,idle1,0.462100,5.160,-4.621000e-02,-0.462100,-1
1759598987.757,idle1,0.457600,5.156,-4.576000e-02,-0.457600,-1
1759598987.857,idle1,0.457800,5.156,-4.578000e-02,-0.457800,-1
1759598987.957,idle1,0.475000,5.152,-4.750000e-02,-0.475000,-1
1759598988.057,idle1,0.471000,5.156,-4.710000e-02,-0.471000,-1
1759598988.157,idle1,0.473100,5.152,-4.731000e-02,-0.473100,-1
1759598988.257,idle1,0.518000,5.148,-5.180000e-02,-0.518000,-1
1759598988.357,idle1,0.514900,5.152,-5.149000e-02,-0.514900,-1
1759598988.458,idle1,0.469600,5.160,-4.696000e-02,-0.469600,-1
1759598988.558,idle1,0.488500,5.152,-4.885000e-02,-0.488500,-1
1759598988.658,idle1,0.465500,5.152,-4.655000e-02,-0.465500,-1
1759598988.758,idle1,0.459900,5.156,-4.599000e-02,-0.459900,-1
1759598988.858,idle1,0.475000,5.160,-4.750000e-02,-0.475000,-1
1759598988.958,idle1,0.462000,5.160,-4.620000e-02,-0.462000,-1
1759598989.058,idle1,0.471900,5.156,-4.719000e-02,-0.471900,-1
1759598989.158,idle1,0.480100,5.156,-4.801000e-02,-0.480100,-1
1759598989.258,idle1,0.452900,5.156,-4.529000e-02,-0.452900,-1
1759598989.359,idle1,0.466200,5.152,-4.662000e-02,-0.466200,-1
1759598989.459,idle1,0.464900,5.156,-4.649000e-02,-0.464900,-1
1759598989.559,idle1,0.464500,5.156,-4.645000e-02,-0.464500,-1
1759598989.659,idle1,0.458000,5.160,-4.580000e-02,-0.458000,-1
1759598989.759,idle1,0.485400,5.156,-4.854000e-02,-0.485400,-1
1759598989.859,idle1,0.487200,5.152,-4.872000e-02,-0.487200,-1
1759598989.959,idle1,0.463900,5.156,-4.639000e-02,-0.463900,-1
1759598990.059,idle1,0.449400,5.160,-4.494000e-02,-0.449400,-1
1759598990.159,idle1,0.464700,5.164,-4.647000e-02,-0.464700,-1
1759598990.259,idle1,0.422100,5.168,-4.221000e-02,-0.422100,-1
1759598990.360,idle1,0.439400,5.164,-4.394000e-02,-0.439400,-1
1759598990.462,idle1,0.494700,5.152,-4.947000e-02,-0.494700,-1
1759598990.560,idle1,0.494500,5.152,-4.945000e-02,-0.494500,-1
1759598990.660,idle1,0.474500,5.152,-4.745000e-02,-0.474500,-1
1759598990.760,idle1,0.420000,5.164,-4.200000e-02,-0.420000,-1
1759598990.860,idle1,0.461500,5.156,-4.615000e-02,-0.461500,-1
1759598990.960,idle1,0.444000,5.164,-4.440000e-02,-0.444000,-1
1759598991.060,idle1,0.449300,5.160,-4.493000e-02,-0.449300,-1
1759598991.160,idle1,0.481700,5.152,-4.817000e-02,-0.481700,-1
1759598991.260,idle1,0.460800,5.156,-4.608000e-02,-0.460800,-1
1759598991.361,idle1,0.456300,5.156,-4.563000e-02,-0.456300,-1
1759598991.461,idle1,0.538500,5.144,-5.385000e-02,-0.538500,-1
1759598991.561,idle1,0.590700,5.140,-5.907000e-02,-0.590700,-1
1759598991.661,idle1,0.521600,5.152,-5.216000e-02,-0.521600,-1
1759598991.761,idle1,0.477100,5.156,-4.771000e-02,-0.477100,-1
1759598991.861,idle1,0.463500,5.156,-4.635000e-02,-0.463500,-1
1759598991.961,idle1,0.450800,5.156,-4.508000e-02,-0.450800,-1
1759598992.061,idle1,0.462900,5.156,-4.629000e-02,-0.462900,-1
1759598992.162,idle1,0.460900,5.156,-4.609000e-02,-0.460900,-1
1759598992.262,idle1,0.468800,5.156,-4.688000e-02,-0.468800,-1
1759598992.362,idle1,0.526800,5.152,-5.268000e-02,-0.526800,-1
1759598992.462,idle1,0.458400,5.156,-4.584000e-02,-0.458400,-1
1759598992.562,idle1,0.455900,5.160,-4.559000e-02,-0.455900,-1
1759598992.662,idle1,0.495800,5.148,-4.958000e-02,-0.495800,-1
1759598992.762,idle1,0.508000,5.140,-5.080000e-02,-0.508000,-1
1759598992.862,idle1,0.527500,5.152,-5.275000e-02,-0.527500,-1
1759598992.963,idle1,0.464800,5.160,-4.648000e-02,-0.464800,-1
1759598993.063,idle1,0.489800,5.152,-4.898000e-02,-0.489800,-1
1759598993.163,idle1,0.441500,5.160,-4.415000e-02,-0.441500,-1
1759598993.263,idle1,0.414600,5.160,-4.146000e-02,-0.414600,-1
1759598993.425,load,0.591100,5.136,-5.911000e-02,-0.591100,-1
1759598993.524,load,1.034000,5.064,-1.034000e-01,-1.034000,-1
1759598993.624,load,1.043200,5.064,-1.043200e-01,-1.043200,-1
1759598993.724,load,1.040900,5.064,-1.040900e-01,-1.040900,-1
1759598993.824,load,1.056000,5.068,-1.056000e-01,-1.056000,-1
1759598993.924,load,1.079200,5.060,-1.079200e-01,-1.079200,-1
1759598994.025,load,1.080400,5.060,-1.080400e-01,-1.080400,-1
1759598994.125,load,1.073000,5.064,-1.073000e-01,-1.073000,-1
1759598994.225,load,1.051400,5.064,-1.051400e-01,-1.051400,-1
1759598994.325,load,1.061100,5.064,-1.061100e-01,-1.061100,-1
1759598994.425,load,1.057600,5.064,-1.057600e-01,-1.057600,-1
1759598994.525,load,1.055500,5.060,-1.055500e-01,-1.055500,-1
1759598994.625,load,1.071700,5.064,-1.071700e-01,-1.071700,-1
1759598994.725,load,1.061200,5.060,-1.061200e-01,-1.061200,-1
1759598994.825,load,1.058900,5.064,-1.058900e-01,-1.058900,-1
1759598994.925,load,1.061000,5.064,-1.061000e-01,-1.061000,-1
1759598995.025,load,1.055500,5.064,-1.055500e-01,-1.055500,-1
1759598995.125,load,1.112000,5.056,-1.112000e-01,-1.112000,-1
1759598995.225,load,1.093600,5.056,-1.093600e-01,-1.093600,-1
1759598995.325,load,1.070500,5.060,-1.070500e-01,-1.070500,-1
1759598995.425,load,1.043700,5.068,-1.043700e-01,-1.043700,-1
1759598995.526,load,1.053000,5.068,-1.053000e-01,-1.053000,-1
1759598995.626,load,1.062100,5.064,-1.062100e-01,-1.062100,-1
1759598995.726,load,1.056600,5.064,-1.056600e-01,-1.056600,-1
1759598995.826,load,1.061300,5.064,-1.061300e-01,-1.061300,-1
1759598995.926,load,1.054100,5.064,-1.054100e-01,-1.054100,-1
1759598996.026,load,1.060400,5.064,-1.060400e-01,-1.060400,-1
1759598996.126,load,1.060000,5.064,-1.060000e-01,-1.060000,-1
1759598996.226,load,1.068000,5.064,-1.068000e-01,-1.068000,-1
1759598996.326,load,1.054800,5.064,-1.054800e-01,-1.054800,-1
1759598996.426,load,1.083800,5.060,-1.083800e-01,-1.083800,-1
1759598996.526,load,1.092600,5.060,-1.092600e-01,-1.092600,-1
1759598996.630,load,1.070400,5.064,-1.070400e-01,-1.070400,-1
1759598996.730,load,1.092600,5.060,-1.092600e-01,-1.092600,-1
1759598996.830,load,1.069200,5.064,-1.069200e-01,-1.069200,-1
1759598996.930,load,1.054000,5.064,-1.054000e-01,-1.054000,-1
1759598997.030,load,1.077000,5.060,-1.077000e-01,-1.077000,-1
1759598997.130,load,1.067400,5.060,-1.067400e-01,-1.067400,-1
1759598997.231,load,1.083000,5.064,-1.083000e-01,-1.083000,-1
1759598997.331,load,1.072100,5.064,-1.072100e-01,-1.072100,-1
1759598997.431,load,1.069800,5.060,-1.069800e-01,-1.069800,-1
1759598997.531,load,1.068200,5.060,-1.068200e-01,-1.068200,-1
1759598997.631,load,1.066900,5.064,-1.066900e-01,-1.066900,-1
1759598997.731,load,1.050500,5.064,-1.050500e-01,-1.050500,-1
1759598997.831,load,1.057300,5.064,-1.057300e-01,-1.057300,-1
1759598997.931,load,1.179400,5.048,-1.179400e-01,-1.179400,-1
1759598998.031,load,1.102600,5.056,-1.102600e-01,-1.102600,-1
1759598998.131,load,1.071400,5.064,-1.071400e-01,-1.071400,-1
1759598998.231,load,1.074900,5.060,-1.074900e-01,-1.074900,-1
1759598998.331,load,1.077300,5.060,-1.077300e-01,-1.077300,-1
1759598998.431,load,1.057800,5.064,-1.057800e-01,-1.057800,-1
1759598998.531,load,1.076500,5.060,-1.076500e-01,-1.076500,-1
1759598998.631,load,1.084800,5.060,-1.084800e-01,-1.084800,-1
1759598998.731,load,1.094800,5.060,-1.094800e-01,-1.094800,-1
1759598998.831,load,1.066300,5.064,-1.066300e-01,-1.066300,-1
1759598998.932,load,1.067100,5.060,-1.067100e-01,-1.067100,-1
1759598999.032,load,1.068400,5.064,-1.068400e-01,-1.068400,-1
1759598999.132,load,1.071500,5.060,-1.071500e-01,-1.071500,-1
1759598999.232,load,1.055700,5.064,-1.055700e-01,-1.055700,-1
1759598999.332,load,1.039000,5.068,-1.039000e-01,-1.039000,-1
1759598999.434,load,1.197900,5.052,-1.197900e-01,-1.197900,-1
1759598999.534,load,1.068000,5.072,-1.068000e-01,-1.068000,-1
1759598999.634,load,1.028900,5.068,-1.028900e-01,-1.028900,-1
1759598999.734,load,1.024900,5.072,-1.024900e-01,-1.024900,-1
1759598999.834,load,1.025000,5.068,-1.025000e-01,-1.025000,-1
1759598999.935,load,1.025600,5.068,-1.025600e-01,-1.025600,-1
1759599000.035,load,1.060400,5.064,-1.060400e-01,-1.060400,-1
1759599000.135,load,1.078100,5.060,-1.078100e-01,-1.078100,-1
1759599000.235,load,1.054700,5.064,-1.054700e-01,-1.054700,-1
1759599000.335,load,1.076500,5.060,-1.076500e-01,-1.076500,-1
1759599000.435,load,1.066300,5.064,-1.066300e-01,-1.066300,-1
1759599000.535,load,1.073600,5.064,-1.073600e-01,-1.073600,-1
1759599000.635,load,1.111300,5.056,-1.111300e-01,-1.111300,-1
1759599000.735,load,1.061200,5.060,-1.061200e-01,-1.061200,-1
1759599000.835,load,1.065300,5.064,-1.065300e-01,-1.065300,-1
1759599000.935,load,1.071500,5.060,-1.071500e-01,-1.071500,-1
1759599001.035,load,1.059200,5.060,-1.059200e-01,-1.059200,-1
1759599001.135,load,1.064100,5.064,-1.064100e-01,-1.064100,-1
1759599001.235,load,1.104900,5.060,-1.104900e-01,-1.104900,-1
1759599001.335,load,1.109100,5.060,-1.109100e-01,-1.109100,-1
1759599001.435,load,1.064800,5.064,-1.064800e-01,-1.064800,-1
1759599001.536,load,1.074100,5.060,-1.074100e-01,-1.074100,-1
1759599001.636,load,1.067900,5.060,-1.067900e-01,-1.067900,-1
1759599001.736,load,1.077400,5.064,-1.077400e-01,-1.077400,-1
1759599001.836,load,1.107500,5.056,-1.107500e-01,-1.107500,-1
1759599001.936,load,1.085100,5.060,-1.085100e-01,-1.085100,-1
1759599002.036,load,1.058100,5.064,-1.058100e-01,-1.058100,-1
1759599002.136,load,1.055700,5.060,-1.055700e-01,-1.055700,-1
1759599002.236,load,1.023000,5.068,-1.023000e-01,-1.023000,-1
1759599002.336,load,1.014400,5.072,-1.014400e-01,-1.014400,-1
1759599002.436,load,1.030100,5.068,-1.030100e-01,-1.030100,-1
1759599002.536,load,1.055300,5.064,-1.055300e-01,-1.055300,-1
1759599002.636,load,1.040100,5.068,-1.040100e-01,-1.040100,-1
1759599002.736,load,1.036500,5.068,-1.036500e-01,-1.036500,-1
1759599002.836,load,1.041100,5.068,-1.041100e-01,-1.041100,-1
1759599002.936,load,1.063600,5.064,-1.063600e-01,-1.063600,-1
1759599003.037,load,1.052100,5.064,-1.052100e-01,-1.052100,-1
1759599003.137,load,1.105300,5.056,-1.105300e-01,-1.105300,-1
1759599003.237,load,1.071000,5.060,-1.071000e-01,-1.071000,-1
1759599003.337,load,1.072800,5.060,-1.072800e-01,-1.072800,-1
1759599003.437,load,1.114700,5.056,-1.114700e-01,-1.114700,-1
1759599003.537,load,1.076600,5.064,-1.076600e-01,-1.076600,-1
1759599003.637,load,1.092500,5.060,-1.092500e-01,-1.092500,-1
1759599003.737,load,1.067900,5.064,-1.067900e-01,-1.067900,-1
1759599003.837,load,1.064800,5.064,-1.064800e-01,-1.064800,-1
1759599003.942,load,1.179800,5.044,-1.179800e-01,-1.179800,-1
1759599004.037,load,1.078400,5.060,-1.078400e-01,-1.078400,-1
1759599004.137,load,1.067800,5.064,-1.067800e-01,-1.067800,-1
1759599004.237,load,1.070200,5.060,-1.070200e-01,-1.070200,-1
1759599004.337,load,1.103400,5.056,-1.103400e-01,-1.103400,-1
1759599004.438,load,1.099200,5.064,-1.099200e-01,-1.099200,-1
1759599004.538,load,1.081700,5.064,-1.081700e-01,-1.081700,-1
1759599004.638,load,1.068000,5.060,-1.068000e-01,-1.068000,-1
1759599004.738,load,1.065000,5.064,-1.065000e-01,-1.065000,-1
1759599004.838,load,1.078000,5.060,-1.078000e-01,-1.078000,-1
1759599004.938,load,1.094800,5.060,-1.094800e-01,-1.094800,-1
1759599005.038,load,1.091300,5.056,-1.091300e-01,-1.091300,-1
1759599005.138,load,1.072200,5.060,-1.072200e-01,-1.072200,-1
1759599005.238,load,1.079300,5.060,-1.079300e-01,-1.079300,-1
1759599005.338,load,1.073600,5.060,-1.073600e-01,-1.073600,-1
1759599005.438,load,1.080900,5.060,-1.080900e-01,-1.080900,-1
1759599005.538,load,1.067300,5.064,-1.067300e-01,-1.067300,-1
1759599005.638,load,1.088800,5.056,-1.088800e-01,-1.088800,-1
1759599005.738,load,1.077400,5.056,-1.077400e-01,-1.077400,-1
1759599005.838,load,1.082000,5.064,-1.082000e-01,-1.082000,-1
1759599005.939,load,1.067000,5.060,-1.067000e-01,-1.067000,-1
1759599006.039,load,1.099300,5.060,-1.099300e-01,-1.099300,-1
1759599006.139,load,1.103100,5.060,-1.103100e-01,-1.103100,-1
1759599006.239,load,1.148100,5.052,-1.148100e-01,-1.148100,-1
1759599006.339,load,1.064800,5.060,-1.064800e-01,-1.064800,-1
1759599006.439,load,1.057700,5.068,-1.057700e-01,-1.057700,-1
1759599006.539,load,1.076900,5.060,-1.076900e-01,-1.076900,-1
1759599006.639,load,1.080200,5.060,-1.080200e-01,-1.080200,-1
1759599006.739,load,1.103600,5.060,-1.103600e-01,-1.103600,-1
1759599006.839,load,1.099400,5.060,-1.099400e-01,-1.099400,-1
1759599006.939,load,1.078800,5.060,-1.078800e-01,-1.078800,-1
1759599007.039,load,1.190300,5.056,-1.190300e-01,-1.190300,-1
1759599007.142,load,1.216600,5.036,-1.216600e-01,-1.216600,-1
1759599007.242,load,1.083900,5.060,-1.083900e-01,-1.083900,-1
1759599007.342,load,1.117600,5.060,-1.117600e-01,-1.117600,-1
1759599007.446,load,1.226700,5.048,-1.226700e-01,-1.226700,-1
1759599007.549,load,1.214400,5.028,-1.214400e-01,-1.214400,-1
1759599007.649,load,1.064900,5.060,-1.064900e-01,-1.064900,-1
1759599007.749,load,1.079000,5.060,-1.079000e-01,-1.079000,-1
1759599007.849,load,1.074900,5.056,-1.074900e-01,-1.074900,-1
1759599007.949,load,1.161500,5.060,-1.161500e-01,-1.161500,-1
1759599008.049,load,1.110900,5.064,-1.110900e-01,-1.110900,-1
1759599008.149,load,1.098700,5.056,-1.098700e-01,-1.098700,-1
1759599008.250,load,1.070100,5.060,-1.070100e-01,-1.070100,-1
1759599008.350,load,1.079400,5.064,-1.079400e-01,-1.079400,-1
1759599008.450,load,1.129900,5.048,-1.129900e-01,-1.129900,-1
1759599008.550,load,1.088200,5.052,-1.088200e-01,-1.088200,-1
1759599008.650,load,1.082700,5.060,-1.082700e-01,-1.082700,-1
1759599008.750,load,1.080800,5.060,-1.080800e-01,-1.080800,-1
1759599008.850,load,1.098600,5.060,-1.098600e-01,-1.098600,-1
1759599008.950,load,1.111500,5.060,-1.111500e-01,-1.111500,-1
1759599009.050,load,1.060900,5.064,-1.060900e-01,-1.060900,-1
1759599009.150,load,1.086000,5.060,-1.086000e-01,-1.086000,-1
1759599009.250,load,1.084400,5.060,-1.084400e-01,-1.084400,-1
1759599009.350,load,1.105900,5.056,-1.105900e-01,-1.105900,-1
1759599009.450,load,1.102100,5.056,-1.102100e-01,-1.102100,-1
1759599009.550,load,1.079300,5.064,-1.079300e-01,-1.079300,-1
1759599009.650,load,1.074900,5.064,-1.074900e-01,-1.074900,-1
1759599009.751,load,1.090000,5.060,-1.090000e-01,-1.090000,-1
1759599009.851,load,1.068300,5.064,-1.068300e-01,-1.068300,-1
1759599009.951,load,1.080900,5.056,-1.080900e-01,-1.080900,-1
1759599010.051,load,1.103500,5.056,-1.103500e-01,-1.103500,-1
1759599010.151,load,1.078400,5.060,-1.078400e-01,-1.078400,-1
1759599010.251,load,1.080200,5.060,-1.080200e-01,-1.080200,-1
1759599010.351,load,1.071100,5.060,-1.071100e-01,-1.071100,-1
1759599010.451,load,1.070500,5.060,-1.070500e-01,-1.070500,-1
1759599010.551,load,1.080900,5.060,-1.080900e-01,-1.080900,-1
1759599010.651,load,1.154400,5.048,-1.154400e-01,-1.154400,-1
1759599010.751,load,1.086100,5.056,-1.086100e-01,-1.086100,-1
1759599010.851,load,1.086000,5.060,-1.086000e-01,-1.086000,-1
1759599010.951,load,1.079200,5.064,-1.079200e-01,-1.079200,-1
1759599011.051,load,1.081100,5.064,-1.081100e-01,-1.081100,-1
1759599011.151,load,1.079600,5.064,-1.079600e-01,-1.079600,-1
1759599011.252,load,1.062600,5.064,-1.062600e-01,-1.062600,-1
1759599011.352,load,1.054800,5.064,-1.054800e-01,-1.054800,-1
1759599011.452,load,1.025300,5.068,-1.025300e-01,-1.025300,-1
1759599011.552,load,1.046600,5.068,-1.046600e-01,-1.046600,-1
1759599011.652,load,1.019500,5.064,-1.019500e-01,-1.019500,-1
1759599011.752,load,1.059800,5.064,-1.059800e-01,-1.059800,-1
1759599011.858,load,1.171100,5.060,-1.171100e-01,-1.171100,-1
1759599011.954,load,0.996700,5.056,-9.967000e-02,-0.996700,-1
1759599012.054,load,1.239400,5.036,-1.239400e-01,-1.239400,-1
1759599012.154,load,1.239200,5.036,-1.239200e-01,-1.239200,-1
1759599012.254,load,1.083100,5.064,-1.083100e-01,-1.083100,-1
1759599012.354,load,1.072300,5.064,-1.072300e-01,-1.072300,-1
1759599012.455,load,1.073600,5.064,-1.073600e-01,-1.073600,-1
1759599012.555,load,1.073500,5.060,-1.073500e-01,-1.073500,-1
1759599012.655,load,1.106400,5.056,-1.106400e-01,-1.106400,-1
1759599012.755,load,1.103300,5.060,-1.103300e-01,-1.103300,-1
1759599012.855,load,1.077000,5.064,-1.077000e-01,-1.077000,-1
1759599012.955,load,1.200400,5.044,-1.200400e-01,-1.200400,-1
1759599013.055,load,1.081100,5.060,-1.081100e-01,-1.081100,-1
1759599013.155,load,1.072600,5.060,-1.072600e-01,-1.072600,-1
1759599013.255,load,1.093400,5.060,-1.093400e-01,-1.093400,-1
1759599013.355,load,1.079700,5.060,-1.079700e-01,-1.079700,-1
1759599013.455,load,1.074600,5.060,-1.074600e-01,-1.074600,-1
1759599013.555,load,1.091200,5.060,-1.091200e-01,-1.091200,-1
1759599013.655,load,1.081200,5.064,-1.081200e-01,-1.081200,-1
1759599013.755,load,1.078500,5.064,-1.078500e-01,-1.078500,-1
1759599013.855,load,1.084800,5.056,-1.084800e-01,-1.084800,-1
1759599013.955,load,1.111300,5.056,-1.111300e-01,-1.111300,-1
1759599014.056,load,1.090900,5.060,-1.090900e-01,-1.090900,-1
1759599014.156,load,1.063900,5.064,-1.063900e-01,-1.063900,-1
1759599014.256,load,1.088200,5.060,-1.088200e-01,-1.088200,-1
1759599014.356,load,1.082900,5.060,-1.082900e-01,-1.082900,-1
1759599014.456,load,1.094600,5.064,-1.094600e-01,-1.094600,-1
1759599014.556,load,1.143600,5.052,-1.143600e-01,-1.143600,-1
1759599014.656,load,1.076500,5.060,-1.076500e-01,-1.076500,-1
1759599014.756,load,1.082400,5.060,-1.082400e-01,-1.082400,-1
1759599014.856,load,1.085800,5.060,-1.085800e-01,-1.085800,-1
1759599014.956,load,1.067000,5.064,-1.067000e-01,-1.067000,-1
1759599015.056,load,1.070200,5.064,-1.070200e-01,-1.070200,-1
1759599015.156,load,1.087200,5.064,-1.087200e-01,-1.087200,-1
1759599015.256,load,1.205200,5.036,-1.205200e-01,-1.205200,-1
1759599015.357,load,1.071400,5.060,-1.071400e-01,-1.071400,-1
1759599015.457,load,1.081900,5.060,-1.081900e-01,-1.081900,-1
1759599015.557,load,1.083100,5.060,-1.083100e-01,-1.083100,-1
1759599015.657,load,1.096500,5.060,-1.096500e-01,-1.096500,-1
1759599015.757,load,1.117900,5.056,-1.117900e-01,-1.117900,-1
1759599015.857,load,1.080700,5.060,-1.080700e-01,-1.080700,-1
1759599015.957,load,1.065300,5.060,-1.065300e-01,-1.065300,-1
1759599016.057,load,1.081400,5.060,-1.081400e-01,-1.081400,-1
1759599016.157,load,1.127100,5.052,-1.127100e-01,-1.127100,-1
1759599016.257,load,1.183000,5.048,-1.183000e-01,-1.183000,-1
1759599016.357,load,1.165400,5.048,-1.165400e-01,-1.165400,-1
1759599016.457,load,1.094200,5.056,-1.094200e-01,-1.094200,-1
1759599016.557,load,1.073400,5.064,-1.073400e-01,-1.073400,-1
1759599016.657,load,1.082300,5.060,-1.082300e-01,-1.082300,-1
1759599016.757,load,1.068800,5.064,-1.068800e-01,-1.068800,-1
1759599016.857,load,1.073700,5.060,-1.073700e-01,-1.073700,-1
1759599016.957,load,1.110200,5.060,-1.110200e-01,-1.110200,-1
1759599017.058,load,1.113700,5.056,-1.113700e-01,-1.113700,-1
1759599017.158,load,1.081400,5.064,-1.081400e-01,-1.081400,-1
1759599017.258,load,1.119000,5.056,-1.119000e-01,-1.119000,-1
1759599017.358,load,1.076300,5.060,-1.076300e-01,-1.076300,-1
1759599017.466,load,1.200500,5.036,-1.200500e-01,-1.200500,-1
1759599017.563,load,1.081200,5.060,-1.081200e-01,-1.081200,-1
1759599017.663,load,1.072900,5.064,-1.072900e-01,-1.072900,-1
1759599017.763,load,1.084700,5.060,-1.084700e-01,-1.084700,-1
1759599017.863,load,1.105900,5.060,-1.105900e-01,-1.105900,-1
1759599017.963,load,1.111300,5.056,-1.111300e-01,-1.111300,-1
1759599018.063,load,1.089100,5.060,-1.089100e-01,-1.089100,-1
1759599018.163,load,1.065900,5.064,-1.065900e-01,-1.065900,-1
1759599018.263,load,1.076000,5.064,-1.076000e-01,-1.076000,-1
1759599018.363,load,1.079900,5.060,-1.079900e-01,-1.079900,-1
1759599018.463,load,1.071900,5.060,-1.071900e-01,-1.071900,-1
1759599018.563,load,1.108200,5.056,-1.108200e-01,-1.108200,-1
1759599018.663,load,1.113500,5.060,-1.113500e-01,-1.113500,-1
1759599018.763,load,1.088800,5.064,-1.088800e-01,-1.088800,-1
1759599018.863,load,1.083500,5.064,-1.083500e-01,-1.083500,-1
1759599018.963,load,1.069200,5.064,-1.069200e-01,-1.069200,-1
1759599019.063,load,1.075600,5.060,-1.075600e-01,-1.075600,-1
1759599019.164,load,1.110700,5.056,-1.110700e-01,-1.110700,-1
1759599019.264,load,1.112700,5.060,-1.112700e-01,-1.112700,-1
1759599019.364,load,1.086000,5.064,-1.086000e-01,-1.086000,-1
1759599019.464,load,1.083500,5.060,-1.083500e-01,-1.083500,-1
1759599019.564,load,1.078900,5.064,-1.078900e-01,-1.078900,-1
1759599019.664,load,1.078300,5.060,-1.078300e-01,-1.078300,-1
1759599019.764,load,1.090600,5.060,-1.090600e-01,-1.090600,-1
1759599019.864,load,1.065700,5.064,-1.065700e-01,-1.065700,-1
1759599019.964,load,1.073300,5.060,-1.073300e-01,-1.073300,-1
1759599020.064,load,1.124800,5.056,-1.124800e-01,-1.124800,-1
1759599020.164,load,1.078700,5.060,-1.078700e-01,-1.078700,-1
1759599020.264,load,1.076000,5.064,-1.076000e-01,-1.076000,-1
1759599020.364,load,1.079100,5.060,-1.079100e-01,-1.079100,-1
1759599020.464,load,1.104900,5.056,-1.104900e-01,-1.104900,-1
1759599020.564,load,1.107300,5.060,-1.107300e-01,-1.107300,-1
1759599020.664,load,1.082400,5.060,-1.082400e-01,-1.082400,-1
1759599020.765,load,1.067800,5.064,-1.067800e-01,-1.067800,-1
1759599020.865,load,1.073700,5.060,-1.073700e-01,-1.073700,-1
1759599020.965,load,1.081900,5.060,-1.081900e-01,-1.081900,-1
1759599021.065,load,1.109900,5.056,-1.109900e-01,-1.109900,-1
1759599021.165,load,1.103100,5.052,-1.103100e-01,-1.103100,-1
1759599021.265,load,1.069900,5.060,-1.069900e-01,-1.069900,-1
1759599021.365,load,1.080000,5.060,-1.080000e-01,-1.080000,-1
1759599021.465,load,1.083300,5.060,-1.083300e-01,-1.083300,-1
1759599021.565,load,1.082500,5.060,-1.082500e-01,-1.082500,-1
1759599021.665,load,1.100200,5.056,-1.100200e-01,-1.100200,-1
1759599021.765,load,1.106700,5.052,-1.106700e-01,-1.106700,-1
1759599021.865,load,1.079600,5.064,-1.079600e-01,-1.079600,-1
1759599021.974,load,1.189200,5.036,-1.189200e-01,-1.189200,-1
1759599022.070,load,1.101600,5.060,-1.101600e-01,-1.101600,-1
1759599022.170,load,1.099900,5.060,-1.099900e-01,-1.099900,-1
1759599022.270,load,1.086300,5.060,-1.086300e-01,-1.086300,-1
1759599022.370,load,1.085700,5.060,-1.085700e-01,-1.085700,-1
1759599022.470,load,1.077700,5.064,-1.077700e-01,-1.077700,-1
1759599022.570,load,1.083200,5.060,-1.083200e-01,-1.083200,-1
1759599022.670,load,1.104400,5.060,-1.104400e-01,-1.104400,-1
1759599022.770,load,1.108400,5.060,-1.108400e-01,-1.108400,-1
1759599022.871,load,1.083200,5.064,-1.083200e-01,-1.083200,-1
1759599022.971,load,1.071200,5.064,-1.071200e-01,-1.071200,-1
1759599023.071,load,1.077200,5.060,-1.077200e-01,-1.077200,-1
1759599023.171,load,1.034600,5.068,-1.034600e-01,-1.034600,-1
1759599023.271,load,1.067100,5.060,-1.067100e-01,-1.067100,-1
1759599023.371,load,1.049300,5.064,-1.049300e-01,-1.049300,-1
1759599023.471,idle2,0.529200,5.152,-5.292000e-02,-0.529200,-1
1759599023.571,idle2,0.579000,5.144,-5.790000e-02,-0.579000,-1
1759599023.671,idle2,0.554300,5.144,-5.543000e-02,-0.554300,-1
1759599023.771,idle2,0.562200,5.140,-5.622000e-02,-0.562200,-1
1759599023.871,idle2,0.572300,5.140,-5.723000e-02,-0.572300,-1
1759599023.971,idle2,0.581200,5.136,-5.812000e-02,-0.581200,-1
1759599024.072,idle2,0.567400,5.140,-5.674000e-02,-0.567400,-1
1759599024.172,idle2,0.862600,5.088,-8.626000e-02,-0.862600,-1
1759599024.272,idle2,0.563400,5.144,-5.634000e-02,-0.563400,-1
1759599024.372,idle2,0.560800,5.144,-5.608000e-02,-0.560800,-1
1759599024.472,idle2,0.576100,5.144,-5.761000e-02,-0.576100,-1
1759599024.572,idle2,0.559700,5.144,-5.597000e-02,-0.559700,-1
1759599024.672,idle2,0.547600,5.140,-5.476000e-02,-0.547600,-1
1759599024.772,idle2,0.550700,5.140,-5.507000e-02,-0.550700,-1
1759599024.872,idle2,0.559400,5.144,-5.594000e-02,-0.559400,-1
1759599024.972,idle2,0.560500,5.140,-5.605000e-02,-0.560500,-1
1759599025.072,idle2,0.566800,5.140,-5.668000e-02,-0.566800,-1
1759599025.172,idle2,0.578200,5.140,-5.782000e-02,-0.578200,-1
1759599025.272,idle2,0.581200,5.136,-5.812000e-02,-0.581200,-1
1759599025.372,idle2,0.565600,5.140,-5.656000e-02,-0.565600,-1
1759599025.473,idle2,0.682900,5.136,-6.829000e-02,-0.682900,-1
1759599025.573,idle2,0.600400,5.140,-6.004000e-02,-0.600400,-1
1759599025.673,idle2,0.556100,5.144,-5.561000e-02,-0.556100,-1
1759599025.773,idle2,0.592700,5.136,-5.927000e-02,-0.592700,-1
1759599025.873,idle2,0.585800,5.140,-5.858000e-02,-0.585800,-1
1759599025.973,idle2,0.563400,5.144,-5.634000e-02,-0.563400,-1
1759599026.073,idle2,0.555200,5.144,-5.552000e-02,-0.555200,-1
1759599026.173,idle2,0.556600,5.140,-5.566000e-02,-0.556600,-1
1759599026.273,idle2,0.555700,5.144,-5.557000e-02,-0.555700,-1
1759599026.373,idle2,0.555800,5.140,-5.558000e-02,-0.555800,-1
1759599026.473,idle2,0.769000,5.100,-7.690000e-02,-0.769000,-1
1759599026.573,idle2,0.566200,5.136,-5.662000e-02,-0.566200,-1
1759599026.673,idle2,0.557700,5.140,-5.577000e-02,-0.557700,-1
1759599026.773,idle2,0.561900,5.144,-5.619000e-02,-0.561900,-1
1759599026.873,idle2,0.558200,5.144,-5.582000e-02,-0.558200,-1
1759599026.974,idle2,0.559400,5.144,-5.594000e-02,-0.559400,-1
1759599027.074,idle2,0.582200,5.140,-5.822000e-02,-0.582200,-1
1759599027.174,idle2,0.567700,5.140,-5.677000e-02,-0.567700,-1
1759599027.274,idle2,0.560900,5.144,-5.609000e-02,-0.560900,-1
1759599027.374,idle2,0.543200,5.140,-5.432000e-02,-0.543200,-1
1759599027.474,idle2,0.562500,5.144,-5.625000e-02,-0.562500,-1
1759599027.574,idle2,0.571800,5.144,-5.718000e-02,-0.571800,-1
1759599027.674,idle2,0.587000,5.136,-5.870000e-02,-0.587000,-1
1759599027.774,idle2,0.551400,5.136,-5.514000e-02,-0.551400,-1
1759599027.874,idle2,0.550900,5.144,-5.509000e-02,-0.550900,-1
1759599027.974,idle2,0.552800,5.144,-5.528000e-02,-0.552800,-1
1759599028.074,idle2,0.558800,5.140,-5.588000e-02,-0.558800,-1
1759599028.174,idle2,0.557500,5.140,-5.575000e-02,-0.557500,-1
1759599028.274,idle2,0.555500,5.140,-5.555000e-02,-0.555500,-1
1759599028.374,idle2,0.612600,5.136,-6.126000e-02,-0.612600,-1
1759599028.475,idle2,0.552500,5.140,-5.525000e-02,-0.552500,-1
1759599028.575,idle2,0.551700,5.140,-5.517000e-02,-0.551700,-1
1759599028.675,idle2,0.468400,5.156,-4.684000e-02,-0.468400,-1
1759599028.775,idle2,0.519700,5.148,-5.197000e-02,-0.519700,-1
1759599028.875,idle2,0.545600,5.148,-5.456000e-02,-0.545600,-1
1759599028.975,idle2,0.496200,5.152,-4.962000e-02,-0.496200,-1
1759599029.076,idle2,0.487800,5.156,-4.878000e-02,-0.487800,-1
1759599029.176,idle2,0.414400,5.160,-4.144000e-02,-0.414400,-1
1759599029.276,idle2,0.437800,5.160,-4.378000e-02,-0.437800,-1
1759599029.376,idle2,0.427200,5.164,-4.272000e-02,-0.427200,-1
1759599029.476,idle2,0.426500,5.168,-4.265000e-02,-0.426500,-1
1759599029.576,idle2,0.430400,5.160,-4.304000e-02,-0.430400,-1
1759599029.676,idle2,0.444900,5.160,-4.449000e-02,-0.444900,-1
1759599029.776,idle2,0.429800,5.156,-4.298000e-02,-0.429800,-1
1759599029.876,idle2,0.433400,5.160,-4.334000e-02,-0.433400,-1
1759599029.977,idle2,0.427000,5.168,-4.270000e-02,-0.427000,-1
1759599030.076,idle2,0.496400,5.156,-4.964000e-02,-0.496400,-1
1759599030.177,idle2,0.472700,5.156,-4.727000e-02,-0.472700,-1
1759599030.277,idle2,0.491900,5.152,-4.919000e-02,-0.491900,-1
1759599030.377,idle2,0.477700,5.152,-4.777000e-02,-0.477700,-1
1759599030.477,idle2,0.467300,5.156,-4.673000e-02,-0.467300,-1
1759599030.577,idle2,0.464500,5.160,-4.645000e-02,-0.464500,-1
1759599030.677,idle2,0.455700,5.160,-4.557000e-02,-0.455700,-1
1759599030.777,idle2,0.469800,5.156,-4.698000e-02,-0.469800,-1
1759599030.878,idle2,0.540000,5.152,-5.400000e-02,-0.540000,-1
1759599030.978,idle2,0.513900,5.144,-5.139000e-02,-0.513900,-1
1759599031.078,idle2,0.532900,5.140,-5.329000e-02,-0.532900,-1
1759599031.178,idle2,0.521000,5.144,-5.210000e-02,-0.521000,-1
1759599031.278,idle2,0.456900,5.156,-4.569000e-02,-0.456900,-1
1759599031.378,idle2,0.464700,5.156,-4.647000e-02,-0.464700,-1
1759599031.478,idle2,0.463500,5.156,-4.635000e-02,-0.463500,-1
1759599031.578,idle2,0.495700,5.152,-4.957000e-02,-0.495700,-1
1759599031.678,idle2,0.496600,5.156,-4.966000e-02,-0.496600,-1
1759599031.779,idle2,0.533000,5.148,-5.330000e-02,-0.533000,-1
1759599031.879,idle2,0.580200,5.140,-5.802000e-02,-0.580200,-1
1759599031.979,idle2,0.516600,5.148,-5.166000e-02,-0.516600,-1
1759599032.079,idle2,0.462900,5.156,-4.629000e-02,-0.462900,-1
1759599032.179,idle2,0.448900,5.160,-4.489000e-02,-0.448900,-1
1759599032.279,idle2,0.449300,5.156,-4.493000e-02,-0.449300,-1
1759599032.379,idle2,0.417100,5.168,-4.171000e-02,-0.417100,-1
1759599032.479,idle2,0.419000,5.168,-4.190000e-02,-0.419000,-1
1759599032.579,idle2,0.423000,5.164,-4.230000e-02,-0.423000,-1
1759599032.679,idle2,0.430600,5.160,-4.306000e-02,-0.430600,-1
1759599032.780,idle2,0.480800,5.160,-4.808000e-02,-0.480800,-1
1759599032.880,idle2,0.497600,5.152,-4.976000e-02,-0.497600,-1
1759599032.980,idle2,0.459200,5.156,-4.592000e-02,-0.459200,-1
1759599033.080,idle2,0.463400,5.156,-4.634000e-02,-0.463400,-1
1759599033.180,idle2,0.519400,5.144,-5.194000e-02,-0.519400,-1
1759599033.280,idle2,0.537700,5.148,-5.377000e-02,-0.537700,-1
1759599033.380,idle2,0.535300,5.148,-5.353000e-02,-0.535300,-1
1759599033.480,idle2,0.548900,5.144,-5.489000e-02,-0.548900,-1
1759599033.580,idle2,0.489700,5.148,-4.897000e-02,-0.489700,-1
1759599033.680,idle2,0.462700,5.152,-4.627000e-02,-0.462700,-1
1759599033.781,idle2,0.467400,5.152,-4.674000e-02,-0.467400,-1
1759599033.881,idle2,0.510700,5.152,-5.107000e-02,-0.510700,-1
1759599033.981,idle2,0.469400,5.160,-4.694000e-02,-0.469400,-1
1759599034.081,idle2,0.497300,5.152,-4.973000e-02,-0.497300,-1
1759599034.181,idle2,0.462400,5.160,-4.624000e-02,-0.462400,-1
1759599034.281,idle2,0.455100,5.156,-4.551000e-02,-0.455100,-1
1759599034.381,idle2,0.473000,5.152,-4.730000e-02,-0.473000,-1
1759599034.481,idle2,0.490800,5.152,-4.908000e-02,-0.490800,-1
1759599034.582,idle2,0.469300,5.156,-4.693000e-02,-0.469300,-1
1759599034.682,idle2,0.473800,5.160,-4.738000e-02,-0.473800,-1
1759599034.782,idle2,0.495500,5.152,-4.955000e-02,-0.495500,-1
1759599034.882,idle2,0.481900,5.152,-4.819000e-02,-0.481900,-1
1759599034.982,idle2,0.474300,5.156,-4.743000e-02,-0.474300,-1
1759599035.082,idle2,0.461600,5.160,-4.616000e-02,-0.461600,-1
1759599035.182,idle2,0.447700,5.164,-4.477000e-02,-0.447700,-1
1759599035.282,idle2,0.469900,5.156,-4.699000e-02,-0.469900,-1
1759599035.382,idle2,0.486000,5.156,-4.860000e-02,-0.486000,-1
1759599035.483,idle2,0.535100,5.140,-5.351000e-02,-0.535100,-1
1759599035.583,idle2,0.540900,5.136,-5.409000e-02,-0.540900,-1
1759599035.683,idle2,0.528900,5.148,-5.289000e-02,-0.528900,-1
1759599035.783,idle2,0.464300,5.156,-4.643000e-02,-0.464300,-1
1759599035.883,idle2,0.460800,5.160,-4.608000e-02,-0.460800,-1
1759599035.983,idle2,0.456200,5.160,-4.562000e-02,-0.456200,-1
1759599036.083,idle2,0.500900,5.152,-5.009000e-02,-0.500900,-1
1759599036.183,idle2,0.492300,5.152,-4.923000e-02,-0.492300,-1
1759599036.283,idle2,0.464400,5.160,-4.644000e-02,-0.464400,-1
1759599036.384,idle2,0.460200,5.160,-4.602000e-02,-0.460200,-1
1759599036.484,idle2,0.458100,5.160,-4.581000e-02,-0.458100,-1
1759599036.584,idle2,0.520300,5.136,-5.203000e-02,-0.520300,-1
1759599036.684,idle2,0.599800,5.132,-5.998000e-02,-0.599800,-1
1759599036.784,idle2,0.551200,5.136,-5.512000e-02,-0.551200,-1
1759599036.884,idle2,0.579700,5.148,-5.797000e-02,-0.579700,-1
1759599036.984,idle2,0.623500,5.132,-6.235000e-02,-0.623500,-1
1759599037.086,idle2,0.824900,5.100,-8.249000e-02,-0.824900,-1
1759599037.186,idle2,0.560700,5.128,-5.607000e-02,-0.560700,-1
1759599037.286,idle2,0.583200,5.144,-5.832000e-02,-0.583200,-1
1759599037.386,idle2,0.554700,5.144,-5.547000e-02,-0.554700,-1
1759599037.487,idle2,0.545100,5.140,-5.451000e-02,-0.545100,-1
1759599037.587,idle2,0.558300,5.144,-5.583000e-02,-0.558300,-1
1759599037.687,idle2,0.590300,5.140,-5.903000e-02,-0.590300,-1
1759599037.787,idle2,0.556900,5.144,-5.569000e-02,-0.556900,-1
1759599037.887,idle2,0.542000,5.144,-5.420000e-02,-0.542000,-1
1759599037.987,idle2,0.557000,5.144,-5.570000e-02,-0.557000,-1
1759599038.087,idle2,0.553200,5.144,-5.532000e-02,-0.553200,-1
1759599038.187,idle2,0.579800,5.140,-5.798000e-02,-0.579800,-1
1759599038.287,idle2,0.566600,5.140,-5.666000e-02,-0.566600,-1
1759599038.387,idle2,0.535100,5.152,-5.351000e-02,-0.535100,-1
1759599038.487,idle2,0.558800,5.144,-5.588000e-02,-0.558800,-1
1759599038.587,idle2,0.554100,5.148,-5.541000e-02,-0.554100,-1
1759599038.687,idle2,0.556500,5.144,-5.565000e-02,-0.556500,-1
1759599038.787,idle2,0.581800,5.136,-5.818000e-02,-0.581800,-1
1759599038.887,idle2,0.586100,5.140,-5.861000e-02,-0.586100,-1
1759599038.987,idle2,0.557700,5.144,-5.577000e-02,-0.557700,-1
1759599039.088,idle2,0.554400,5.144,-5.544000e-02,-0.554400,-1
1759599039.188,idle2,0.543900,5.136,-5.439000e-02,-0.543900,-1
1759599039.288,idle2,0.536800,5.148,-5.368000e-02,-0.536800,-1
1759599039.388,idle2,0.579700,5.140,-5.797000e-02,-0.579700,-1
1759599039.488,idle2,0.579100,5.136,-5.791000e-02,-0.579100,-1
1759599039.588,idle2,0.550900,5.144,-5.509000e-02,-0.550900,-1
1759599039.688,idle2,0.544300,5.148,-5.443000e-02,-0.544300,-1
1759599039.788,idle2,0.551500,5.144,-5.515000e-02,-0.551500,-1
1759599039.888,idle2,0.548700,5.144,-5.487000e-02,-0.548700,-1
1759599039.988,idle2,0.568200,5.140,-5.682000e-02,-0.568200,-1
1759599040.088,idle2,0.574600,5.140,-5.746000e-02,-0.574600,-1
1759599040.188,idle2,0.549700,5.144,-5.497000e-02,-0.549700,-1
1759599040.288,idle2,0.553900,5.144,-5.539000e-02,-0.553900,-1
1759599040.388,idle2,0.551900,5.136,-5.519000e-02,-0.551900,-1
1759599040.489,idle2,0.542200,5.144,-5.422000e-02,-0.542200,-1
1759599040.589,idle2,0.550400,5.140,-5.504000e-02,-0.550400,-1
1759599040.689,idle2,0.549000,5.144,-5.490000e-02,-0.549000,-1
1759599040.789,idle2,0.553700,5.140,-5.537000e-02,-0.553700,-1
1759599040.889,idle2,0.547600,5.144,-5.476000e-02,-0.547600,-1
1759599040.989,idle2,0.543100,5.148,-5.431000e-02,-0.543100,-1
1759599041.089,idle2,0.550400,5.140,-5.504000e-02,-0.550400,-1
1759599041.189,idle2,0.560900,5.140,-5.609000e-02,-0.560900,-1
1759599041.289,idle2,0.544900,5.144,-5.449000e-02,-0.544900,-1
1759599041.389,idle2,0.510800,5.152,-5.108000e-02,-0.510800,-1
1759599041.489,idle2,0.515200,5.152,-5.152000e-02,-0.515200,-1
1759599041.589,idle2,0.515300,5.148,-5.153000e-02,-0.515300,-1
1759599041.689,idle2,0.509000,5.152,-5.090000e-02,-0.509000,-1
1759599041.789,idle2,0.509000,5.148,-5.090000e-02,-0.509000,-1
1759599041.889,idle2,0.527400,5.152,-5.274000e-02,-0.527400,-1
1759599041.989,idle2,0.528400,5.148,-5.284000e-02,-0.528400,-1
1759599042.090,idle2,0.559300,5.136,-5.593000e-02,-0.559300,-1
1759599042.190,idle2,0.575900,5.136,-5.759000e-02,-0.575900,-1
1759599042.290,idle2,0.606100,5.140,-6.061000e-02,-0.606100,-1
1759599042.390,idle2,0.521100,5.152,-5.211000e-02,-0.521100,-1
1759599042.490,idle2,0.494200,5.156,-4.942000e-02,-0.494200,-1
1759599042.591,idle2,0.495200,5.144,-4.952000e-02,-0.495200,-1
1759599042.691,idle2,0.456900,5.152,-4.569000e-02,-0.456900,-1
1759599042.791,idle2,0.460400,5.152,-4.604000e-02,-0.460400,-1
1759599042.891,idle2,0.483000,5.152,-4.830000e-02,-0.483000,-1
1759599042.991,idle2,0.461200,5.160,-4.612000e-02,-0.461200,-1
1759599043.091,idle2,0.484900,5.160,-4.849000e-02,-0.484900,-1
1759599043.191,idle2,0.495700,5.152,-4.957000e-02,-0.495700,-1
1759599043.291,idle2,0.486200,5.152,-4.862000e-02,-0.486200,-1
1759599043.391,idle2,0.465500,5.156,-4.655000e-02,-0.465500,-1
1759599043.492,idle2,0.470100,5.156,-4.701000e-02,-0.470100,-1
1759599043.592,idle2,0.450900,5.160,-4.509000e-02,-0.450900,-1
1759599043.692,idle2,0.461700,5.160,-4.617000e-02,-0.461700,-1
1759599043.792,idle2,0.463400,5.160,-4.634000e-02,-0.463400,-1
1759599043.892,idle2,0.463000,5.156,-4.630000e-02,-0.463000,-1
1759599043.992,idle2,0.465300,5.156,-4.653000e-02,-0.465300,-1
1759599044.092,idle2,0.474700,5.160,-4.747000e-02,-0.474700,-1
1759599044.192,idle2,0.464700,5.160,-4.647000e-02,-0.464700,-1
1759599044.292,idle2,0.470400,5.156,-4.704000e-02,-0.470400,-1
1759599044.393,idle2,0.457800,5.160,-4.578000e-02,-0.457800,-1
1759599044.493,idle2,0.525600,5.140,-5.256000e-02,-0.525600,-1
1759599044.593,idle2,0.560800,5.144,-5.608000e-02,-0.560800,-1
1759599044.693,idle2,0.517100,5.148,-5.171000e-02,-0.517100,-1
1759599044.793,idle2,0.464900,5.164,-4.649000e-02,-0.464900,-1
1759599044.893,idle2,0.461700,5.160,-4.617000e-02,-0.461700,-1
1759599044.993,idle2,0.504100,5.152,-5.041000e-02,-0.504100,-1
1759599045.093,idle2,0.481500,5.152,-4.815000e-02,-0.481500,-1
1759599045.194,idle2,0.490700,5.148,-4.907000e-02,-0.490700,-1
1759599045.294,idle2,0.484000,5.156,-4.840000e-02,-0.484000,-1
1759599045.395,idle2,0.593100,5.140,-5.931000e-02,-0.593100,-1
1759599045.494,idle2,0.688000,5.112,-6.880000e-02,-0.688000,-1
1759599045.595,idle2,0.864800,5.084,-8.648000e-02,-0.864800,-1
1759599045.695,idle2,0.551300,5.144,-5.513000e-02,-0.551300,-1
1759599045.795,idle2,0.556700,5.144,-5.567000e-02,-0.556700,-1
1759599045.895,idle2,0.580400,5.136,-5.804000e-02,-0.580400,-1
1759599045.995,idle2,0.565200,5.140,-5.652000e-02,-0.565200,-1
1759599046.095,idle2,0.544800,5.140,-5.448000e-02,-0.544800,-1
1759599046.195,idle2,0.531900,5.148,-5.319000e-02,-0.531900,-1
1759599046.295,idle2,0.547000,5.140,-5.470000e-02,-0.547000,-1
1759599046.396,idle2,0.559300,5.144,-5.593000e-02,-0.559300,-1
1759599046.496,idle2,0.574300,5.140,-5.743000e-02,-0.574300,-1
1759599046.596,idle2,0.584400,5.136,-5.844000e-02,-0.584400,-1
1759599046.696,idle2,0.734500,5.120,-7.345000e-02,-0.734500,-1
1759599046.796,idle2,0.549100,5.148,-5.491000e-02,-0.549100,-1
1759599046.896,idle2,0.537000,5.148,-5.370000e-02,-0.537000,-1
1759599046.996,idle2,0.560500,5.144,-5.605000e-02,-0.560500,-1
1759599047.096,idle2,0.552000,5.148,-5.520000e-02,-0.552000,-1
1759599047.196,idle2,0.540000,5.144,-5.400000e-02,-0.540000,-1
1759599047.296,idle2,0.542100,5.148,-5.421000e-02,-0.542100,-1
1759599047.396,idle2,0.544300,5.144,-5.443000e-02,-0.544300,-1
1759599047.496,idle2,0.554300,5.144,-5.543000e-02,-0.554300,-1
1759599047.596,idle2,0.598000,5.136,-5.980000e-02,-0.598000,-1
1759599047.696,idle2,0.595000,5.140,-5.950000e-02,-0.595000,-1
1759599047.797,idle2,0.577200,5.136,-5.772000e-02,-0.577200,-1
1759599047.897,idle2,0.581400,5.144,-5.814000e-02,-0.581400,-1
1759599047.997,idle2,0.550300,5.144,-5.503000e-02,-0.550300,-1
1759599048.097,idle2,0.558300,5.144,-5.583000e-02,-0.558300,-1
1759599048.197,idle2,0.548800,5.136,-5.488000e-02,-0.548800,-1
1759599048.297,idle2,0.543700,5.144,-5.437000e-02,-0.543700,-1
1759599048.397,idle2,0.582600,5.140,-5.826000e-02,-0.582600,-1
1759599048.497,idle2,0.577600,5.140,-5.776000e-02,-0.577600,-1
1759599048.597,idle2,0.547100,5.144,-5.471000e-02,-0.547100,-1
1759599048.697,idle2,0.661600,5.124,-6.616000e-02,-0.661600,-1
1759599048.797,idle2,0.542500,5.144,-5.425000e-02,-0.542500,-1
1759599048.898,idle2,0.712900,5.116,-7.129000e-02,-0.712900,-1
1759599048.998,idle2,0.571900,5.144,-5.719000e-02,-0.571900,-1
1759599049.098,idle2,0.584700,5.140,-5.847000e-02,-0.584700,-1
1759599049.198,idle2,0.576000,5.144,-5.760000e-02,-0.576000,-1
1759599049.298,idle2,0.548000,5.144,-5.480000e-02,-0.548000,-1
1759599049.398,idle2,0.554500,5.144,-5.545000e-02,-0.554500,-1
1759599049.498,idle2,0.541100,5.144,-5.411000e-02,-0.541100,-1
1759599049.598,idle2,0.552300,5.144,-5.523000e-02,-0.552300,-1
1759599049.698,idle2,0.575100,5.140,-5.751000e-02,-0.575100,-1
1759599049.798,idle2,0.570100,5.140,-5.701000e-02,-0.570100,-1
1759599049.898,idle2,0.545000,5.144,-5.450000e-02,-0.545000,-1
1759599049.998,idle2,0.548700,5.144,-5.487000e-02,-0.548700,-1
1759599050.098,idle2,0.555100,5.144,-5.551000e-02,-0.555100,-1
1759599050.199,idle2,0.556100,5.144,-5.561000e-02,-0.556100,-1
1759599050.299,idle2,0.514300,5.152,-5.143000e-02,-0.514300,-1
1759599050.399,idle2,0.513600,5.148,-5.136000e-02,-0.513600,-1
1759599050.499,idle2,0.456400,5.156,-4.564000e-02,-0.456400,-1
1759599050.599,idle2,0.420300,5.156,-4.203000e-02,-0.420300,-1
1759599050.699,idle2,0.422200,5.164,-4.222000e-02,-0.422200,-1
1759599050.800,idle2,0.419100,5.164,-4.191000e-02,-0.419100,-1
1759599050.900,idle2,0.439000,5.164,-4.390000e-02,-0.439000,-1
1759599051.000,idle2,0.452200,5.156,-4.522000e-02,-0.452200,-1
1759599051.100,idle2,0.491700,5.148,-4.917000e-02,-0.491700,-1
1759599051.201,idle2,0.510900,5.152,-5.109000e-02,-0.510900,-1
1759599051.300,idle2,0.506500,5.144,-5.065000e-02,-0.506500,-1
1759599051.400,idle2,0.524900,5.144,-5.249000e-02,-0.524900,-1
1759599051.501,idle2,0.476600,5.160,-4.766000e-02,-0.476600,-1
1759599051.601,idle2,0.491300,5.156,-4.913000e-02,-0.491300,-1
1759599051.701,idle2,0.527400,5.152,-5.274000e-02,-0.527400,-1
1759599051.801,idle2,0.469200,5.156,-4.692000e-02,-0.469200,-1
1759599051.901,idle2,0.463900,5.156,-4.639000e-02,-0.463900,-1
1759599052.001,idle2,0.456800,5.156,-4.568000e-02,-0.456800,-1
1759599052.101,idle2,0.467200,5.156,-4.672000e-02,-0.467200,-1
1759599052.201,idle2,0.473800,5.160,-4.738000e-02,-0.473800,-1
1759599052.302,idle2,0.496000,5.156,-4.960000e-02,-0.496000,-1
1759599052.402,idle2,0.484200,5.152,-4.842000e-02,-0.484200,-1
1759599052.502,idle2,0.462800,5.152,-4.628000e-02,-0.462800,-1
1759599052.602,idle2,0.464800,5.156,-4.648000e-02,-0.464800,-1
1759599052.702,idle2,0.468000,5.156,-4.680000e-02,-0.468000,-1
1759599052.802,idle2,0.531400,5.148,-5.314000e-02,-0.531400,-1
1759599052.902,idle2,0.525700,5.148,-5.257000e-02,-0.525700,-1
1759599053.002,idle2,0.528700,5.144,-5.287000e-02,-0.528700,-1
1759599053.102,idle2,0.473600,5.152,-4.736000e-02,-0.473600,-1
1759599053.203,idle2,0.469900,5.160,-4.699000e-02,-0.469900,-1
1759599053.303,idle2,0.499400,5.156,-4.994000e-02,-0.499400,-1
1759599053.403,idle2,0.515200,5.152,-5.152000e-02,-0.515200,-1
